{
  "C:\\Users\\scare\\OneDrive\\Asztali gép\\EPAM Angular Project\\cloud\\first-task-backend\\product-service": {
    "versionSfCore": null,
    "versionFramework": "4.1.5",
    "isWithinCompose": false,
    "isCompose": false,
    "composeOrgName": null,
    "composeResolverProviders": {},
    "composeServiceName": null,
    "servicePath": "C:\\Users\\scare\\OneDrive\\Asztali gép\\EPAM Angular Project\\cloud\\first-task-backend\\product-service",
    "serviceConfigFileName": "serverless.yml",
    "service": {
      "service": "product-service",
      "provider": {
        "name": "aws",
        "runtime": "nodejs16.x",
        "region": "eu-north-1",
        "stage": "dev",
        "versionFunctions": true,
        "compiledCloudFormationTemplate": {
          "AWSTemplateFormatVersion": "2010-09-09",
          "Description": "The AWS CloudFormation template for this Serverless application",
          "Resources": {
            "ServerlessDeploymentBucket": {
              "Type": "AWS::S3::Bucket",
              "Properties": {
                "BucketEncryption": {
                  "ServerSideEncryptionConfiguration": [
                    {
                      "ServerSideEncryptionByDefault": {
                        "SSEAlgorithm": "AES256"
                      }
                    }
                  ]
                }
              }
            },
            "ServerlessDeploymentBucketPolicy": {
              "Type": "AWS::S3::BucketPolicy",
              "Properties": {
                "Bucket": {
                  "Ref": "ServerlessDeploymentBucket"
                },
                "PolicyDocument": {
                  "Statement": [
                    {
                      "Action": "s3:*",
                      "Effect": "Deny",
                      "Principal": "*",
                      "Resource": [
                        {
                          "Fn::Join": [
                            "",
                            [
                              "arn:",
                              {
                                "Ref": "AWS::Partition"
                              },
                              ":s3:::",
                              {
                                "Ref": "ServerlessDeploymentBucket"
                              },
                              "/*"
                            ]
                          ]
                        },
                        {
                          "Fn::Join": [
                            "",
                            [
                              "arn:",
                              {
                                "Ref": "AWS::Partition"
                              },
                              ":s3:::",
                              {
                                "Ref": "ServerlessDeploymentBucket"
                              }
                            ]
                          ]
                        }
                      ],
                      "Condition": {
                        "Bool": {
                          "aws:SecureTransport": false
                        }
                      }
                    }
                  ]
                }
              }
            },
            "GetProductsListLogGroup": {
              "Type": "AWS::Logs::LogGroup",
              "Properties": {
                "LogGroupName": "/aws/lambda/product-service-dev-getProductsList"
              }
            },
            "GetProductsByIdLogGroup": {
              "Type": "AWS::Logs::LogGroup",
              "Properties": {
                "LogGroupName": "/aws/lambda/product-service-dev-getProductsById"
              }
            },
            "FillDynamoDBLogGroup": {
              "Type": "AWS::Logs::LogGroup",
              "Properties": {
                "LogGroupName": "/aws/lambda/product-service-dev-fillDynamoDB"
              }
            },
            "IamRoleLambdaExecution": {
              "Type": "AWS::IAM::Role",
              "Properties": {
                "AssumeRolePolicyDocument": {
                  "Version": "2012-10-17",
                  "Statement": [
                    {
                      "Effect": "Allow",
                      "Principal": {
                        "Service": [
                          "lambda.amazonaws.com"
                        ]
                      },
                      "Action": [
                        "sts:AssumeRole"
                      ]
                    }
                  ]
                },
                "Policies": [
                  {
                    "PolicyName": {
                      "Fn::Join": [
                        "-",
                        [
                          "product-service",
                          "dev",
                          "lambda"
                        ]
                      ]
                    },
                    "PolicyDocument": {
                      "Version": "2012-10-17",
                      "Statement": [
                        {
                          "Effect": "Allow",
                          "Action": [
                            "logs:CreateLogStream",
                            "logs:CreateLogGroup",
                            "logs:TagResource"
                          ],
                          "Resource": [
                            {
                              "Fn::Sub": "arn:${AWS::Partition}:logs:${AWS::Region}:${AWS::AccountId}:log-group:/aws/lambda/product-service-dev*:*"
                            }
                          ]
                        },
                        {
                          "Effect": "Allow",
                          "Action": [
                            "logs:PutLogEvents"
                          ],
                          "Resource": [
                            {
                              "Fn::Sub": "arn:${AWS::Partition}:logs:${AWS::Region}:${AWS::AccountId}:log-group:/aws/lambda/product-service-dev*:*:*"
                            }
                          ]
                        }
                      ]
                    }
                  }
                ],
                "Path": "/",
                "RoleName": {
                  "Fn::Join": [
                    "-",
                    [
                      "product-service",
                      "dev",
                      {
                        "Ref": "AWS::Region"
                      },
                      "lambdaRole"
                    ]
                  ]
                }
              }
            },
            "GetProductsListLambdaFunction": {
              "Type": "AWS::Lambda::Function",
              "Properties": {
                "Code": {
                  "S3Bucket": {
                    "Ref": "ServerlessDeploymentBucket"
                  },
                  "S3Key": "serverless/product-service/dev/1718896658491-2024-06-20T15:17:38.491Z/product-service.zip"
                },
                "Handler": "handler.getProductsList",
                "Runtime": "nodejs16.x",
                "FunctionName": "product-service-dev-getProductsList",
                "MemorySize": 1024,
                "Timeout": 6,
                "Role": {
                  "Fn::GetAtt": [
                    "IamRoleLambdaExecution",
                    "Arn"
                  ]
                }
              },
              "DependsOn": [
                "GetProductsListLogGroup"
              ]
            },
            "GetProductsByIdLambdaFunction": {
              "Type": "AWS::Lambda::Function",
              "Properties": {
                "Code": {
                  "S3Bucket": {
                    "Ref": "ServerlessDeploymentBucket"
                  },
                  "S3Key": "serverless/product-service/dev/1718896658491-2024-06-20T15:17:38.491Z/product-service.zip"
                },
                "Handler": "handler.getProductsById",
                "Runtime": "nodejs16.x",
                "FunctionName": "product-service-dev-getProductsById",
                "MemorySize": 1024,
                "Timeout": 6,
                "Role": {
                  "Fn::GetAtt": [
                    "IamRoleLambdaExecution",
                    "Arn"
                  ]
                }
              },
              "DependsOn": [
                "GetProductsByIdLogGroup"
              ]
            },
            "FillDynamoDBLambdaFunction": {
              "Type": "AWS::Lambda::Function",
              "Properties": {
                "Code": {
                  "S3Bucket": {
                    "Ref": "ServerlessDeploymentBucket"
                  },
                  "S3Key": "serverless/product-service/dev/1718896658491-2024-06-20T15:17:38.491Z/product-service.zip"
                },
                "Handler": "fillDynamo.insertTestData",
                "Runtime": "nodejs16.x",
                "FunctionName": "product-service-dev-fillDynamoDB",
                "MemorySize": 1024,
                "Timeout": 6,
                "Environment": {
                  "Variables": {
                    "PRODUCTS_TABLE": {
                      "Ref": "ProductsTable"
                    },
                    "STOCK_TABLE": {
                      "Ref": "StockTable"
                    }
                  }
                },
                "Role": {
                  "Fn::GetAtt": [
                    "IamRoleLambdaExecution",
                    "Arn"
                  ]
                }
              },
              "DependsOn": [
                "FillDynamoDBLogGroup"
              ]
            },
            "GetProductsListLambdaVersionz5mxTMZahPHHD1SaoMBleTo4b9PU0CYCfS6BmkI": {
              "Type": "AWS::Lambda::Version",
              "DeletionPolicy": "Retain",
              "Properties": {
                "FunctionName": {
                  "Ref": "GetProductsListLambdaFunction"
                },
                "CodeSha256": "gH/B9destL//oPPmRgb59D01l/z7vVjCAMQGmPeJd8Q="
              }
            },
            "GetProductsByIdLambdaVersionWGfP0woEehtor2jWVZSze7eNzUEeSh4tP3wc49OTBA": {
              "Type": "AWS::Lambda::Version",
              "DeletionPolicy": "Retain",
              "Properties": {
                "FunctionName": {
                  "Ref": "GetProductsByIdLambdaFunction"
                },
                "CodeSha256": "gH/B9destL//oPPmRgb59D01l/z7vVjCAMQGmPeJd8Q="
              }
            },
            "FillDynamoDBLambdaVersionv4cSWrcGoo3pQbkeCUxhjjtpo3hnBKjZOWI7msE": {
              "Type": "AWS::Lambda::Version",
              "DeletionPolicy": "Retain",
              "Properties": {
                "FunctionName": {
                  "Ref": "FillDynamoDBLambdaFunction"
                },
                "CodeSha256": "gH/B9destL//oPPmRgb59D01l/z7vVjCAMQGmPeJd8Q="
              }
            },
            "ApiGatewayRestApi": {
              "Type": "AWS::ApiGateway::RestApi",
              "Properties": {
                "Name": "dev-product-service",
                "EndpointConfiguration": {
                  "Types": [
                    "EDGE"
                  ]
                },
                "Policy": ""
              }
            },
            "ApiGatewayResourceProducts": {
              "Type": "AWS::ApiGateway::Resource",
              "Properties": {
                "ParentId": {
                  "Fn::GetAtt": [
                    "ApiGatewayRestApi",
                    "RootResourceId"
                  ]
                },
                "PathPart": "products",
                "RestApiId": {
                  "Ref": "ApiGatewayRestApi"
                }
              }
            },
            "ApiGatewayResourceProductsProductidVar": {
              "Type": "AWS::ApiGateway::Resource",
              "Properties": {
                "ParentId": {
                  "Ref": "ApiGatewayResourceProducts"
                },
                "PathPart": "{productId}",
                "RestApiId": {
                  "Ref": "ApiGatewayRestApi"
                }
              }
            },
            "ApiGatewayResourceFillDashdynamodb": {
              "Type": "AWS::ApiGateway::Resource",
              "Properties": {
                "ParentId": {
                  "Fn::GetAtt": [
                    "ApiGatewayRestApi",
                    "RootResourceId"
                  ]
                },
                "PathPart": "fill-dynamodb",
                "RestApiId": {
                  "Ref": "ApiGatewayRestApi"
                }
              }
            },
            "ApiGatewayMethodProductsOptions": {
              "Type": "AWS::ApiGateway::Method",
              "Properties": {
                "AuthorizationType": "NONE",
                "HttpMethod": "OPTIONS",
                "MethodResponses": [
                  {
                    "StatusCode": "200",
                    "ResponseParameters": {
                      "method.response.header.Access-Control-Allow-Origin": true,
                      "method.response.header.Access-Control-Allow-Headers": true,
                      "method.response.header.Access-Control-Allow-Methods": true
                    },
                    "ResponseModels": {}
                  }
                ],
                "RequestParameters": {},
                "Integration": {
                  "Type": "MOCK",
                  "RequestTemplates": {
                    "application/json": "{statusCode:200}"
                  },
                  "ContentHandling": "CONVERT_TO_TEXT",
                  "IntegrationResponses": [
                    {
                      "StatusCode": "200",
                      "ResponseParameters": {
                        "method.response.header.Access-Control-Allow-Origin": "'*'",
                        "method.response.header.Access-Control-Allow-Headers": "'Content-Type,X-Amz-Date,Authorization,X-Api-Key,X-Amz-Security-Token,X-Amz-User-Agent,X-Amzn-Trace-Id'",
                        "method.response.header.Access-Control-Allow-Methods": "'OPTIONS,GET'"
                      },
                      "ResponseTemplates": {
                        "application/json": ""
                      }
                    }
                  ]
                },
                "ResourceId": {
                  "Ref": "ApiGatewayResourceProducts"
                },
                "RestApiId": {
                  "Ref": "ApiGatewayRestApi"
                }
              }
            },
            "ApiGatewayMethodProductsProductidVarOptions": {
              "Type": "AWS::ApiGateway::Method",
              "Properties": {
                "AuthorizationType": "NONE",
                "HttpMethod": "OPTIONS",
                "MethodResponses": [
                  {
                    "StatusCode": "200",
                    "ResponseParameters": {
                      "method.response.header.Access-Control-Allow-Origin": true,
                      "method.response.header.Access-Control-Allow-Headers": true,
                      "method.response.header.Access-Control-Allow-Methods": true
                    },
                    "ResponseModels": {}
                  }
                ],
                "RequestParameters": {},
                "Integration": {
                  "Type": "MOCK",
                  "RequestTemplates": {
                    "application/json": "{statusCode:200}"
                  },
                  "ContentHandling": "CONVERT_TO_TEXT",
                  "IntegrationResponses": [
                    {
                      "StatusCode": "200",
                      "ResponseParameters": {
                        "method.response.header.Access-Control-Allow-Origin": "'*'",
                        "method.response.header.Access-Control-Allow-Headers": "'Content-Type,X-Amz-Date,Authorization,X-Api-Key,X-Amz-Security-Token,X-Amz-User-Agent,X-Amzn-Trace-Id'",
                        "method.response.header.Access-Control-Allow-Methods": "'OPTIONS,GET'"
                      },
                      "ResponseTemplates": {
                        "application/json": ""
                      }
                    }
                  ]
                },
                "ResourceId": {
                  "Ref": "ApiGatewayResourceProductsProductidVar"
                },
                "RestApiId": {
                  "Ref": "ApiGatewayRestApi"
                }
              }
            },
            "ApiGatewayMethodFillDashdynamodbOptions": {
              "Type": "AWS::ApiGateway::Method",
              "Properties": {
                "AuthorizationType": "NONE",
                "HttpMethod": "OPTIONS",
                "MethodResponses": [
                  {
                    "StatusCode": "200",
                    "ResponseParameters": {
                      "method.response.header.Access-Control-Allow-Origin": true,
                      "method.response.header.Access-Control-Allow-Headers": true,
                      "method.response.header.Access-Control-Allow-Methods": true
                    },
                    "ResponseModels": {}
                  }
                ],
                "RequestParameters": {},
                "Integration": {
                  "Type": "MOCK",
                  "RequestTemplates": {
                    "application/json": "{statusCode:200}"
                  },
                  "ContentHandling": "CONVERT_TO_TEXT",
                  "IntegrationResponses": [
                    {
                      "StatusCode": "200",
                      "ResponseParameters": {
                        "method.response.header.Access-Control-Allow-Origin": "'*'",
                        "method.response.header.Access-Control-Allow-Headers": "'Content-Type,X-Amz-Date,Authorization,X-Api-Key,X-Amz-Security-Token,X-Amz-User-Agent,X-Amzn-Trace-Id'",
                        "method.response.header.Access-Control-Allow-Methods": "'OPTIONS,POST'"
                      },
                      "ResponseTemplates": {
                        "application/json": ""
                      }
                    }
                  ]
                },
                "ResourceId": {
                  "Ref": "ApiGatewayResourceFillDashdynamodb"
                },
                "RestApiId": {
                  "Ref": "ApiGatewayRestApi"
                }
              }
            },
            "ApiGatewayMethodProductsGet": {
              "Type": "AWS::ApiGateway::Method",
              "Properties": {
                "HttpMethod": "GET",
                "RequestParameters": {},
                "ResourceId": {
                  "Ref": "ApiGatewayResourceProducts"
                },
                "RestApiId": {
                  "Ref": "ApiGatewayRestApi"
                },
                "ApiKeyRequired": "<REDACTED>",
                "AuthorizationType": "NONE",
                "Integration": {
                  "IntegrationHttpMethod": "POST",
                  "Type": "AWS_PROXY",
                  "Uri": {
                    "Fn::Join": [
                      "",
                      [
                        "arn:",
                        {
                          "Ref": "AWS::Partition"
                        },
                        ":apigateway:",
                        {
                          "Ref": "AWS::Region"
                        },
                        ":lambda:path/2015-03-31/functions/",
                        {
                          "Fn::GetAtt": [
                            "GetProductsListLambdaFunction",
                            "Arn"
                          ]
                        },
                        "/invocations"
                      ]
                    ]
                  }
                },
                "MethodResponses": []
              },
              "DependsOn": [
                "GetProductsListLambdaPermissionApiGateway"
              ]
            },
            "ApiGatewayMethodProductsProductidVarGet": {
              "Type": "AWS::ApiGateway::Method",
              "Properties": {
                "HttpMethod": "GET",
                "RequestParameters": {},
                "ResourceId": {
                  "Ref": "ApiGatewayResourceProductsProductidVar"
                },
                "RestApiId": {
                  "Ref": "ApiGatewayRestApi"
                },
                "ApiKeyRequired": "<REDACTED>",
                "AuthorizationType": "NONE",
                "Integration": {
                  "IntegrationHttpMethod": "POST",
                  "Type": "AWS_PROXY",
                  "Uri": {
                    "Fn::Join": [
                      "",
                      [
                        "arn:",
                        {
                          "Ref": "AWS::Partition"
                        },
                        ":apigateway:",
                        {
                          "Ref": "AWS::Region"
                        },
                        ":lambda:path/2015-03-31/functions/",
                        {
                          "Fn::GetAtt": [
                            "GetProductsByIdLambdaFunction",
                            "Arn"
                          ]
                        },
                        "/invocations"
                      ]
                    ]
                  }
                },
                "MethodResponses": []
              },
              "DependsOn": [
                "GetProductsByIdLambdaPermissionApiGateway"
              ]
            },
            "ApiGatewayMethodFillDashdynamodbPost": {
              "Type": "AWS::ApiGateway::Method",
              "Properties": {
                "HttpMethod": "POST",
                "RequestParameters": {},
                "ResourceId": {
                  "Ref": "ApiGatewayResourceFillDashdynamodb"
                },
                "RestApiId": {
                  "Ref": "ApiGatewayRestApi"
                },
                "ApiKeyRequired": "<REDACTED>",
                "AuthorizationType": "NONE",
                "Integration": {
                  "IntegrationHttpMethod": "POST",
                  "Type": "AWS_PROXY",
                  "Uri": {
                    "Fn::Join": [
                      "",
                      [
                        "arn:",
                        {
                          "Ref": "AWS::Partition"
                        },
                        ":apigateway:",
                        {
                          "Ref": "AWS::Region"
                        },
                        ":lambda:path/2015-03-31/functions/",
                        {
                          "Fn::GetAtt": [
                            "FillDynamoDBLambdaFunction",
                            "Arn"
                          ]
                        },
                        "/invocations"
                      ]
                    ]
                  }
                },
                "MethodResponses": []
              },
              "DependsOn": [
                "FillDynamoDBLambdaPermissionApiGateway"
              ]
            },
            "ApiGatewayDeployment1718896657837": {
              "Type": "AWS::ApiGateway::Deployment",
              "Properties": {
                "RestApiId": {
                  "Ref": "ApiGatewayRestApi"
                },
                "StageName": "dev"
              },
              "DependsOn": [
                "ApiGatewayMethodProductsOptions",
                "ApiGatewayMethodProductsProductidVarOptions",
                "ApiGatewayMethodFillDashdynamodbOptions",
                "ApiGatewayMethodProductsGet",
                "ApiGatewayMethodProductsProductidVarGet",
                "ApiGatewayMethodFillDashdynamodbPost"
              ]
            },
            "GetProductsListLambdaPermissionApiGateway": {
              "Type": "AWS::Lambda::Permission",
              "Properties": {
                "FunctionName": {
                  "Fn::GetAtt": [
                    "GetProductsListLambdaFunction",
                    "Arn"
                  ]
                },
                "Action": "lambda:InvokeFunction",
                "Principal": "apigateway.amazonaws.com",
                "SourceArn": {
                  "Fn::Join": [
                    "",
                    [
                      "arn:",
                      {
                        "Ref": "AWS::Partition"
                      },
                      ":execute-api:",
                      {
                        "Ref": "AWS::Region"
                      },
                      ":",
                      {
                        "Ref": "AWS::AccountId"
                      },
                      ":",
                      {
                        "Ref": "ApiGatewayRestApi"
                      },
                      "/*/*"
                    ]
                  ]
                }
              }
            },
            "GetProductsByIdLambdaPermissionApiGateway": {
              "Type": "AWS::Lambda::Permission",
              "Properties": {
                "FunctionName": {
                  "Fn::GetAtt": [
                    "GetProductsByIdLambdaFunction",
                    "Arn"
                  ]
                },
                "Action": "lambda:InvokeFunction",
                "Principal": "apigateway.amazonaws.com",
                "SourceArn": {
                  "Fn::Join": [
                    "",
                    [
                      "arn:",
                      {
                        "Ref": "AWS::Partition"
                      },
                      ":execute-api:",
                      {
                        "Ref": "AWS::Region"
                      },
                      ":",
                      {
                        "Ref": "AWS::AccountId"
                      },
                      ":",
                      {
                        "Ref": "ApiGatewayRestApi"
                      },
                      "/*/*"
                    ]
                  ]
                }
              }
            },
            "FillDynamoDBLambdaPermissionApiGateway": {
              "Type": "AWS::Lambda::Permission",
              "Properties": {
                "FunctionName": {
                  "Fn::GetAtt": [
                    "FillDynamoDBLambdaFunction",
                    "Arn"
                  ]
                },
                "Action": "lambda:InvokeFunction",
                "Principal": "apigateway.amazonaws.com",
                "SourceArn": {
                  "Fn::Join": [
                    "",
                    [
                      "arn:",
                      {
                        "Ref": "AWS::Partition"
                      },
                      ":execute-api:",
                      {
                        "Ref": "AWS::Region"
                      },
                      ":",
                      {
                        "Ref": "AWS::AccountId"
                      },
                      ":",
                      {
                        "Ref": "ApiGatewayRestApi"
                      },
                      "/*/*"
                    ]
                  ]
                }
              }
            },
            "ProductsTable": {
              "Type": "AWS::DynamoDB::Table",
              "Properties": {
                "TableName": "products_table",
                "AttributeDefinitions": [
                  {
                    "AttributeName": "id",
                    "AttributeType": "S"
                  }
                ],
                "KeySchema": [
                  {
                    "AttributeName": "id",
                    "KeyType": "HASH"
                  }
                ],
                "ProvisionedThroughput": {
                  "ReadCapacityUnits": 1,
                  "WriteCapacityUnits": 1
                }
              }
            },
            "StockTable": {
              "Type": "AWS::DynamoDB::Table",
              "Properties": {
                "TableName": "stock_table",
                "AttributeDefinitions": [
                  {
                    "AttributeName": "product_id",
                    "AttributeType": "S"
                  }
                ],
                "KeySchema": [
                  {
                    "AttributeName": "product_id",
                    "KeyType": "HASH"
                  }
                ],
                "ProvisionedThroughput": {
                  "ReadCapacityUnits": 1,
                  "WriteCapacityUnits": 1
                }
              }
            }
          },
          "Outputs": {
            "ServerlessDeploymentBucketName": {
              "Value": {
                "Ref": "ServerlessDeploymentBucket"
              },
              "Export": {
                "Name": "sls-product-service-dev-ServerlessDeploymentBucketName"
              }
            },
            "GetProductsListLambdaFunctionQualifiedArn": {
              "Description": "Current Lambda function version",
              "Value": {
                "Ref": "GetProductsListLambdaVersionz5mxTMZahPHHD1SaoMBleTo4b9PU0CYCfS6BmkI"
              },
              "Export": {
                "Name": "sls-product-service-dev-GetProductsListLambdaFunctionQualifiedArn"
              }
            },
            "GetProductsByIdLambdaFunctionQualifiedArn": {
              "Description": "Current Lambda function version",
              "Value": {
                "Ref": "GetProductsByIdLambdaVersionWGfP0woEehtor2jWVZSze7eNzUEeSh4tP3wc49OTBA"
              },
              "Export": {
                "Name": "sls-product-service-dev-GetProductsByIdLambdaFunctionQualifiedArn"
              }
            },
            "FillDynamoDBLambdaFunctionQualifiedArn": {
              "Description": "Current Lambda function version",
              "Value": {
                "Ref": "FillDynamoDBLambdaVersionv4cSWrcGoo3pQbkeCUxhjjtpo3hnBKjZOWI7msE"
              },
              "Export": {
                "Name": "sls-product-service-dev-FillDynamoDBLambdaFunctionQualifiedArn"
              }
            },
            "ServiceEndpoint": {
              "Description": "URL of the service endpoint",
              "Value": {
                "Fn::Join": [
                  "",
                  [
                    "https://",
                    {
                      "Ref": "ApiGatewayRestApi"
                    },
                    ".execute-api.",
                    {
                      "Ref": "AWS::Region"
                    },
                    ".",
                    {
                      "Ref": "AWS::URLSuffix"
                    },
                    "/dev"
                  ]
                ]
              },
              "Export": {
                "Name": "sls-product-service-dev-ServiceEndpoint"
              }
            }
          }
        },
        "coreCloudFormationTemplate": {
          "AWSTemplateFormatVersion": "2010-09-09",
          "Description": "The AWS CloudFormation template for this Serverless application",
          "Resources": {
            "ServerlessDeploymentBucket": {
              "Type": "AWS::S3::Bucket",
              "Properties": {
                "BucketEncryption": {
                  "ServerSideEncryptionConfiguration": [
                    {
                      "ServerSideEncryptionByDefault": {
                        "SSEAlgorithm": "AES256"
                      }
                    }
                  ]
                }
              }
            },
            "ServerlessDeploymentBucketPolicy": {
              "Type": "AWS::S3::BucketPolicy",
              "Properties": {
                "Bucket": {
                  "Ref": "ServerlessDeploymentBucket"
                },
                "PolicyDocument": {
                  "Statement": [
                    {
                      "Action": "s3:*",
                      "Effect": "Deny",
                      "Principal": "*",
                      "Resource": [
                        {
                          "Fn::Join": [
                            "",
                            [
                              "arn:",
                              {
                                "Ref": "AWS::Partition"
                              },
                              ":s3:::",
                              {
                                "Ref": "ServerlessDeploymentBucket"
                              },
                              "/*"
                            ]
                          ]
                        },
                        {
                          "Fn::Join": [
                            "",
                            [
                              "arn:",
                              {
                                "Ref": "AWS::Partition"
                              },
                              ":s3:::",
                              {
                                "Ref": "ServerlessDeploymentBucket"
                              }
                            ]
                          ]
                        }
                      ],
                      "Condition": {
                        "Bool": {
                          "aws:SecureTransport": false
                        }
                      }
                    }
                  ]
                }
              }
            }
          },
          "Outputs": {
            "ServerlessDeploymentBucketName": {
              "Value": {
                "Ref": "ServerlessDeploymentBucket"
              }
            }
          }
        },
        "vpc": {}
      },
      "functions": {
        "getProductsList": {
          "handler": "handler.getProductsList",
          "events": [
            {
              "http": {
                "path": "products",
                "method": "get",
                "cors": {
                  "origin": "*",
                  "methods": [
                    "OPTIONS",
                    "GET"
                  ],
                  "headers": [
                    "Content-Type",
                    "X-Amz-Date",
                    "Authorization",
                    "X-Api-Key",
                    "X-Amz-Security-Token",
                    "X-Amz-User-Agent",
                    "X-Amzn-Trace-Id"
                  ],
                  "allowCredentials": "<REDACTED>"
                },
                "integration": "AWS_PROXY"
              }
            }
          ],
          "name": "product-service-dev-getProductsList",
          "package": {},
          "memory": 1024,
          "timeout": 6,
          "runtime": "nodejs16.x",
          "vpc": {},
          "versionLogicalId": "GetProductsListLambdaVersionz5mxTMZahPHHD1SaoMBleTo4b9PU0CYCfS6BmkI"
        },
        "getProductsById": {
          "handler": "handler.getProductsById",
          "events": [
            {
              "http": {
                "path": "products/{productId}",
                "method": "get",
                "cors": {
                  "origin": "*",
                  "methods": [
                    "OPTIONS",
                    "GET"
                  ],
                  "headers": [
                    "Content-Type",
                    "X-Amz-Date",
                    "Authorization",
                    "X-Api-Key",
                    "X-Amz-Security-Token",
                    "X-Amz-User-Agent",
                    "X-Amzn-Trace-Id"
                  ],
                  "allowCredentials": "<REDACTED>"
                },
                "integration": "AWS_PROXY"
              }
            }
          ],
          "name": "product-service-dev-getProductsById",
          "package": {},
          "memory": 1024,
          "timeout": 6,
          "runtime": "nodejs16.x",
          "vpc": {},
          "versionLogicalId": "GetProductsByIdLambdaVersionWGfP0woEehtor2jWVZSze7eNzUEeSh4tP3wc49OTBA"
        },
        "fillDynamoDB": {
          "handler": "fillDynamo.insertTestData",
          "environment": {
            "PRODUCTS_TABLE": {
              "Ref": "ProductsTable"
            },
            "STOCK_TABLE": {
              "Ref": "StockTable"
            }
          },
          "events": [
            {
              "http": {
                "path": "fill-dynamodb",
                "method": "post",
                "cors": {
                  "origin": "*",
                  "methods": [
                    "OPTIONS",
                    "POST"
                  ],
                  "headers": [
                    "Content-Type",
                    "X-Amz-Date",
                    "Authorization",
                    "X-Api-Key",
                    "X-Amz-Security-Token",
                    "X-Amz-User-Agent",
                    "X-Amzn-Trace-Id"
                  ],
                  "allowCredentials": "<REDACTED>"
                },
                "integration": "AWS_PROXY"
              }
            }
          ],
          "name": "product-service-dev-fillDynamoDB",
          "package": {},
          "memory": 1024,
          "timeout": 6,
          "runtime": "nodejs16.x",
          "vpc": {},
          "versionLogicalId": "FillDynamoDBLambdaVersionv4cSWrcGoo3pQbkeCUxhjjtpo3hnBKjZOWI7msE"
        }
      },
      "resources": {
        "Resources": {
          "ProductsTable": {
            "Type": "AWS::DynamoDB::Table",
            "Properties": {
              "TableName": "products_table",
              "AttributeDefinitions": [
                {
                  "AttributeName": "id",
                  "AttributeType": "S"
                }
              ],
              "KeySchema": [
                {
                  "AttributeName": "id",
                  "KeyType": "HASH"
                }
              ],
              "ProvisionedThroughput": {
                "ReadCapacityUnits": 1,
                "WriteCapacityUnits": 1
              }
            }
          },
          "StockTable": {
            "Type": "AWS::DynamoDB::Table",
            "Properties": {
              "TableName": "stock_table",
              "AttributeDefinitions": [
                {
                  "AttributeName": "product_id",
                  "AttributeType": "S"
                }
              ],
              "KeySchema": [
                {
                  "AttributeName": "product_id",
                  "KeyType": "HASH"
                }
              ],
              "ProvisionedThroughput": {
                "ReadCapacityUnits": 1,
                "WriteCapacityUnits": 1
              }
            }
          }
        },
        "Outputs": {}
      }
    },
    "serviceRawFile": "service: product-service\r\n\r\nprovider:\r\n  name: aws\r\n  runtime: nodejs16.x\r\n  region: eu-north-1\r\n  stage: dev\r\n\r\nfunctions:\r\n  getProductsList:\r\n    handler: handler.getProductsList\r\n    events:\r\n      - http:\r\n          path: /products\r\n          method: get\r\n          cors: true\r\n  getProductsById:\r\n    handler: handler.getProductsById\r\n    events:\r\n      - http:\r\n          path: /products/{productId}\r\n          method: get\r\n          cors: true\r\n  fillDynamoDB:\r\n    handler: fillDynamo.insertTestData\r\n    environment:\r\n      PRODUCTS_TABLE: !Ref ProductsTable\r\n      STOCK_TABLE: !Ref StockTable\r\n    events:\r\n      - http:\r\n          path: /fill-dynamodb\r\n          method: post\r\n          cors: true\r\n\r\nresources:\r\n  Resources:\r\n    ProductsTable:\r\n      Type: AWS::DynamoDB::Table\r\n      Properties:\r\n        TableName: products_table\r\n        AttributeDefinitions:\r\n          - AttributeName: id\r\n            AttributeType: S\r\n        KeySchema:\r\n          - AttributeName: id\r\n            KeyType: HASH\r\n        ProvisionedThroughput:\r\n          ReadCapacityUnits: 1\r\n          WriteCapacityUnits: 1\r\n    StockTable:\r\n      Type: AWS::DynamoDB::Table\r\n      Properties:\r\n        TableName: stock_table\r\n        AttributeDefinitions:\r\n          - AttributeName: product_id\r\n            AttributeType: S\r\n        KeySchema:\r\n          - AttributeName: product_id\r\n            KeyType: HASH\r\n        ProvisionedThroughput:\r\n          ReadCapacityUnits: 1\r\n          WriteCapacityUnits: 1\r\n",
    "command": [
      "deploy"
    ],
    "options": {},
    "error": null,
    "params": {},
    "machineId": "6679ff1844cbe706dab4fad747cbfaa7",
    "accessKeyV2": "<REDACTED>",
    "accessKeyV1": "<REDACTED>",
    "orgId": "087f2c60-ea9d-4504-89e2-7947bb3dbac6",
    "orgName": "popovicspeti",
    "userId": "DQrXZR2CYCctPYhn7f",
    "dashboard": {
      "isEnabledForService": false,
      "requiredAuthentication": false,
      "orgFeaturesInUse": null,
      "orgObservabilityIntegrations": null,
      "serviceAppId": null,
      "serviceProvider": null,
      "instanceParameters": null
    },
    "userName": "popovicspeti",
    "subscription": null,
    "userEmail": "p.popovics92@gmail.com",
    "serviceProviderAwsCredentials": "<REDACTED>",
    "serviceProviderAwsAccountId": "992382401885",
    "versionSf": "4.1.5",
    "serviceProviderAwsCfStackName": "product-service-dev",
    "serviceProviderAwsCfStackId": "arn:aws:cloudformation:eu-north-1:992382401885:stack/product-service-dev/5cb22350-2814-11ef-9197-066e8ceeef73",
    "serviceProviderAwsCfStackCreated": "2024-06-11T17:02:19.226Z",
    "serviceProviderAwsCfStackUpdated": "2024-06-20T15:17:53.878Z",
    "serviceProviderAwsCfStackStatus": "UPDATE_COMPLETE",
    "serviceProviderAwsCfStackOutputs": [
      {
        "OutputKey": "FillDynamoDBLambdaFunctionQualifiedArn",
        "OutputValue": "arn:aws:lambda:eu-north-1:992382401885:function:product-service-dev-fillDynamoDB:6",
        "Description": "Current Lambda function version",
        "ExportName": "sls-product-service-dev-FillDynamoDBLambdaFunctionQualifiedArn"
      },
      {
        "OutputKey": "GetProductsListLambdaFunctionQualifiedArn",
        "OutputValue": "arn:aws:lambda:eu-north-1:992382401885:function:product-service-dev-getProductsList:6",
        "Description": "Current Lambda function version",
        "ExportName": "sls-product-service-dev-GetProductsListLambdaFunctionQualifiedArn"
      },
      {
        "OutputKey": "GetProductsByIdLambdaFunctionQualifiedArn",
        "OutputValue": "arn:aws:lambda:eu-north-1:992382401885:function:product-service-dev-getProductsById:6",
        "Description": "Current Lambda function version",
        "ExportName": "sls-product-service-dev-GetProductsByIdLambdaFunctionQualifiedArn"
      },
      {
        "OutputKey": "ServiceEndpoint",
        "OutputValue": "https://sywdjdp0z4.execute-api.eu-north-1.amazonaws.com/dev",
        "Description": "URL of the service endpoint",
        "ExportName": "sls-product-service-dev-ServiceEndpoint"
      },
      {
        "OutputKey": "ServerlessDeploymentBucketName",
        "OutputValue": "product-service-dev-serverlessdeploymentbucket-zaa6fmhns43p",
        "ExportName": "sls-product-service-dev-ServerlessDeploymentBucketName"
      }
    ]
  }
}